코카)스프라이트P500ml,"1,900
원",1
코카)스프라이트P501ml,"1,650
원",1
코카)스프라이트P502ml,"1,650
원",1
코카)스프라이트P503ml,"2,000
원",1
코카)스프라이트P504ml,"3,500
원",1
코카)스프라이트P505ml,"4,500
원",1
코카)스프라이트P506ml,"3,000
원",1
코카)스프라이트P507ml,"2,800
원",1
코카)스프라이트P508ml,"3,500
원",1
코카)스프라이트P509ml,"3,200
원",1
코카)스프라이트P510ml,"10,900
원",1
코카)스프라이트P511ml,"3,900
원",1
코카)스프라이트P512ml,"2,200
원",1
코카)스프라이트P513ml,"10,900
원",1
코카)스프라이트P514ml,"12,900
원",1
코카)스프라이트P515ml,"4,000
원",1
코카)스프라이트P516ml,"2,000
원",1
코카)스프라이트P517ml,"5,000
원",1
코카)스프라이트P518ml,"12,500
원",1
코카)스프라이트P519ml,"12,500
원",1
코카)스프라이트P520ml,"8,000
원",1
코카)스프라이트P521ml,"2,200
원",1
코카)스프라이트P522ml,"2,200
원",1
코카)스프라이트P523ml,"6,000
원",1
코카)스프라이트P524ml,"6,000
원",1
코카)스프라이트P525ml,"2,000
원",1
코카)스프라이트P526ml,"2,200
원",1
코카)스프라이트P527ml,"2,200
원",1
코카)스프라이트P528ml,"9,900
원",1
코카)스프라이트P529ml,"9,900
원",1
코카)스프라이트P530ml,"3,900
원",1
코카)스프라이트P531ml,"8,700
원",1
코카)스프라이트P532ml,"8,700
원",1
코카)스프라이트P533ml,"12,500
원",1
코카)스프라이트P534ml,"12,500
원",1
코카)스프라이트P535ml,"2,000
원",1
코카)스프라이트P536ml,"1,600
원",1
코카)스프라이트P537ml,"2,900
원",1
코카)스프라이트P538ml,"7,500
원",1
코카)스프라이트P539ml,"3,900
원",1
코카)스프라이트P540ml,"8,500
원",1
코카)스프라이트P541ml,"8,500
원",1
코카)스프라이트P542ml,"9,500
원",1
코카)스프라이트P543ml,"2,200
원",1
코카)스프라이트P544ml,"4,700
원",1
코카)스프라이트P545ml,"2,500
원",1
코카)스프라이트P546ml,"9,800
원",1
코카)스프라이트P547ml,"4,900
원",1
코카)스프라이트P548ml,"4,500
원",1
코카)스프라이트P549ml,"4,500
원",1
코카)스프라이트P550ml,"2,000
원",1
코카)스프라이트P551ml,"8,200
원",1
코카)스프라이트P552ml,"3,800
원",1
코카)스프라이트P553ml,"2,000
원",1
코카)스프라이트P554ml,"2,200
원",1
코카)스프라이트P555ml,"9,900
원",1
코카)스프라이트P556ml,"4,900
원",1
코카)스프라이트P557ml,"18,900
원",1
코카)스프라이트P558ml,"2,200
원",1
코카)스프라이트P559ml,"1,200
원",1
코카)스프라이트P560ml,"3,000
원",1
코카)스프라이트P561ml,"2,500
원",1
코카)스프라이트P562ml,"2,500
원",1
코카)스프라이트P563ml,"1,600
원",1
코카)스프라이트P564ml,"3,900
원",1
코카)스프라이트P565ml,"2,200
원",1
코카)스프라이트P566ml,"11,900
원",1
코카)스프라이트P567ml,"4,500
원",1
코카)스프라이트P568ml,"2,000
원",1
코카)스프라이트P569ml,"7,800
원",1
코카)스프라이트P570ml,"3,700
원",1
코카)스프라이트P571ml,"2,900
원",1
코카)스프라이트P572ml,"2,100
원",1
코카)스프라이트P573ml,"8,500
원",1
코카)스프라이트P574ml,"1,900
원",1
코카)스프라이트P575ml,"1,900
원",1
코카)스프라이트P576ml,"8,900
원",1
코카)스프라이트P577ml,"8,900
원",1
코카)스프라이트P578ml,"3,900
원",1
코카)스프라이트P579ml,"2,200
원",1
코카)스프라이트P580ml,"15,900
원",1
코카)스프라이트P581ml,"9,900
원",1
코카)스프라이트P582ml,"3,500
원",1
코카)스프라이트P583ml,"1,800
원",1
코카)스프라이트P584ml,"1,800
원",1
코카)스프라이트P585ml,"2,700
원",1
코카)스프라이트P586ml,"3,000
원",1
코카)스프라이트P587ml,"2,500
원",1
코카)스프라이트P588ml,"2,500
원",1
코카)스프라이트P589ml,"2,900
원",1
코카)스프라이트P590ml,"2,900
원",1
코카)스프라이트P591ml,"3,200
원",1
코카)스프라이트P592ml,"2,200
원",1
코카)스프라이트P593ml,"2,600
원",1
코카)스프라이트P594ml,"2,600
원",1
코카)스프라이트P595ml,"5,900
원",1
코카)스프라이트P596ml,"5,900
원",1
코카)스프라이트P597ml,"6,000
원",1
코카)스프라이트P598ml,"2,900
원",1
코카)스프라이트P599ml,"3,800
원",1
코카)스프라이트P600ml,"1,900
원",1
코카)스프라이트P601ml,"2,000
원",1
코카)스프라이트P602ml,"2,900
원",1
코카)스프라이트P603ml,"2,000
원",1
코카)스프라이트P604ml,"1,800
원",1
코카)스프라이트P605ml,"2,000
원",1
코카)스프라이트P606ml,"5,900
원",1
코카)스프라이트P607ml,"9,900
원",1
코카)스프라이트P608ml,"9,900
원",1
코카)스프라이트P609ml,"3,600
원",1
코카)스프라이트P610ml,"9,800
원",1
코카)스프라이트P611ml,"10,900
원",1
코카)스프라이트P612ml,"2,000
원",1
코카)스프라이트P613ml,"2,900
원",1
코카)스프라이트P614ml,"2,900
원",1
코카)스프라이트P615ml,"6,900
원",1
코카)스프라이트P616ml,"7,900
원",1
코카)스프라이트P617ml,"2,000
원",1
코카)스프라이트P618ml,"6,900
원",1
코카)스프라이트P619ml,"22,200
원",1
코카)스프라이트P620ml,"17,900
원",1
코카)스프라이트P621ml,"4,500
원",1
코카)스프라이트P622ml,"4,500
원",1
코카)스프라이트P623ml,"2,000
원",1
코카)스프라이트P624ml,"6,500
원",1
코카)스프라이트P625ml,"6,500
원",1
코카)스프라이트P626ml,"1,700
원",1
코카)스프라이트P627ml,"2,700
원",1
코카)스프라이트P628ml,"3,800
원",1
코카)스프라이트P629ml,"3,800
원",1
코카)스프라이트P630ml,"2,900
원",1
코카)스프라이트P631ml,"1,900
원",1
코카)스프라이트P632ml,"1,800
원",1
코카)스프라이트P633ml,"1,800
원",1
코카)스프라이트P634ml,"4,300
원",1
코카)스프라이트P635ml,"1,900
원",1
코카)스프라이트P636ml,"2,000
원",1
코카)스프라이트P637ml,"2,000
원",1
코카)스프라이트P638ml,"2,000
원",1
코카)스프라이트P639ml,"4,900
원",1
코카)스프라이트P640ml,"2,200
원",1
코카)스프라이트P641ml,"5,000
원",1
코카)스프라이트P642ml,"4,800
원",1
코카)스프라이트P643ml,"10,900
원",1
코카)스프라이트P644ml,"10,900
원",1
코카)스프라이트P645ml,"1,800
원",1
코카)스프라이트P646ml,"3,000
원",1
코카)스프라이트P647ml,"1,300
원",1
코카)스프라이트P648ml,"2,000
원",1
코카)스프라이트P649ml,"1,300
원",1
코카)스프라이트P650ml,"1,900
원",1
코카)스프라이트P651ml,"3,000
원",1
코카)스프라이트P652ml,"1,900
원",1
코카)스프라이트P653ml,"1,500
원",1
코카)스프라이트P654ml,"1,500
원",1
코카)스프라이트P655ml,"1,500
원",1
코카)스프라이트P656ml,"2,000
원",1
코카)스프라이트P657ml,"8,900
원",1
코카)스프라이트P658ml,"3,900
원",1
코카)스프라이트P659ml,"2,500
원",1
코카)스프라이트P660ml,"2,500
원",1
코카)스프라이트P661ml,"2,900
원",1
코카)스프라이트P662ml,"3,000
원",1
코카)스프라이트P663ml,"3,000
원",1
코카)스프라이트P664ml,"1,800
원",1
코카)스프라이트P665ml,"3,700
원",1
코카)스프라이트P666ml,"3,700
원",1
코카)스프라이트P667ml,"1,500
원",1
코카)스프라이트P668ml,"1,500
원",1
코카)스프라이트P669ml,"3,400
원",1
코카)스프라이트P670ml,"800
원",1
코카)스프라이트P671ml,"1,500
원",1
코카)스프라이트P672ml,"2,000
원",1
코카)스프라이트P673ml,"8,900
원",1
코카)스프라이트P674ml,"8,900
원",1
코카)스프라이트P675ml,"8,900
원",1
코카)스프라이트P676ml,"2,500
원",1
코카)스프라이트P677ml,"2,000
원",1
코카)스프라이트P678ml,"2,000
원",1
코카)스프라이트P679ml,"2,200
원",1
코카)스프라이트P680ml,"2,200
원",1
코카)스프라이트P681ml,"13,000
원",1
코카)스프라이트P682ml,"2,200
원",1
코카)스프라이트P683ml,"2,500
원",1
코카)스프라이트P684ml,"10,900
원",1
코카)스프라이트P685ml,"2,650
원",1
코카)스프라이트P686ml,"1,600
원",1
코카)스프라이트P687ml,"1,600
원",1
코카)스프라이트P688ml,"1,600
원",1
코카)스프라이트P689ml,"2,900
원",1
코카)스프라이트P690ml,"2,900
원",1
코카)스프라이트P691ml,"3,300
원",1
코카)스프라이트P692ml,"1,600
원",1
코카)스프라이트P693ml,"2,000
원",1
코카)스프라이트P694ml,"2,000
원",1
코카)스프라이트P695ml,"2,000
원",1
코카)스프라이트P696ml,"2,000
원",1
코카)스프라이트P697ml,"2,000
원",1
코카)스프라이트P698ml,"3,000
원",1
코카)스프라이트P699ml,"1,900
원",1
코카)스프라이트P700ml,"1,000
원",1
코카)스프라이트P701ml,"1,000
원",1
코카)스프라이트P702ml,"1,800
원",1
코카)스프라이트P703ml,"1,800
원",1
코카)스프라이트P704ml,"1,200
원",2
코카)스프라이트P705ml,"1,000
원",2
코카)스프라이트P706ml,"1,200
원",2
코카)스프라이트P707ml,"1,200
원",2
코카)스프라이트P708ml,"500
원",2
코카)스프라이트P709ml,"4,300
원",2
코카)스프라이트P710ml,"11,600
원",2
코카)스프라이트P711ml,"11,600
원",2
코카)스프라이트P712ml,"11,600
원",2
코카)스프라이트P713ml,"1,800
원",2
코카)스프라이트P714ml,"1,800
원",2
코카)스프라이트P715ml,"1,200
원",2
코카)스프라이트P716ml,"1,200
원",2
코카)스프라이트P717ml,"1,200
원",2
코카)스프라이트P718ml,"1,200
원",2
코카)스프라이트P719ml,"1,000
원",2
코카)스프라이트P720ml,"1,800
원",2
코카)스프라이트P721ml,"5,800
원",2
코카)스프라이트P722ml,"1,800
원",2
코카)스프라이트P723ml,"1,400
원",2
코카)스프라이트P724ml,"1,100
원",2
코카)스프라이트P725ml,"4,500
원",2
코카)스프라이트P726ml,"1,500
원",2
코카)스프라이트P727ml,"1,850
원",2
코카)스프라이트P728ml,"4,500
원",2
코카)스프라이트P729ml,"1,500
원",2
코카)스프라이트P730ml,"4,500
원",2
코카)스프라이트P731ml,"2,400
원",2
코카)스프라이트P732ml,"2,400
원",2
코카)스프라이트P733ml,"1,800
원",2
코카)스프라이트P734ml,"1,800
원",2
코카)스프라이트P735ml,"2,000
원",2
코카)스프라이트P736ml,"1,700
원",2
코카)스프라이트P737ml,"1,700
원",2
코카)스프라이트P738ml,"5,000
원",2
코카)스프라이트P739ml,"1,700
원",2
코카)스프라이트P740ml,"1,800
원",2
코카)스프라이트P741ml,"1,800
원",2
코카)스프라이트P742ml,"1,900
원",2
코카)스프라이트P743ml,"1,600
원",2
코카)스프라이트P744ml,"1,800
원",2
코카)스프라이트P745ml,"1,800
원",2
코카)스프라이트P746ml,"2,000
원",2
코카)스프라이트P747ml,"5,000
원",2
코카)스프라이트P748ml,"2,400
원",2
코카)스프라이트P749ml,"1,200
원",2
코카)스프라이트P750ml,"1,000
원",2
코카)스프라이트P751ml,"2,100
원",2
코카)스프라이트P752ml,"950
원",2
코카)스프라이트P753ml,"5,000
원",2
코카)스프라이트P754ml,"1,100
원",2
코카)스프라이트P755ml,"1,500
원",2
코카)스프라이트P756ml,"2,000
원",2
코카)스프라이트P757ml,"2,000
원",2
코카)스프라이트P758ml,"2,000
원",2
코카)스프라이트P759ml,"1,650
원",2
코카)스프라이트P760ml,"1,500
원",2
코카)스프라이트P761ml,"1,650
원",2
코카)스프라이트P762ml,"1,650
원",2
코카)스프라이트P763ml,"1,700
원",2
코카)스프라이트P764ml,"1,700
원",2
코카)스프라이트P765ml,"1,600
원",2
코카)스프라이트P766ml,"1,600
원",2
코카)스프라이트P767ml,"4,300
원",2
코카)스프라이트P768ml,"1,800
원",2
코카)스프라이트P769ml,"850
원",2
코카)스프라이트P770ml,"2,200
원",2
코카)스프라이트P771ml,"1,600
원",2
코카)스프라이트P772ml,"1,200
원",2
코카)스프라이트P773ml,"1,000
원",2
코카)스프라이트P774ml,"1,800
원",2
코카)스프라이트P775ml,"1,200
원",2
코카)스프라이트P776ml,"2,800
원",2
코카)스프라이트P777ml,"2,800
원",2
코카)스프라이트P778ml,"5,400
원",2
코카)스프라이트P779ml,"5,400
원",2
코카)스프라이트P780ml,"800
원",2
코카)스프라이트P781ml,"800
원",2
코카)스프라이트P782ml,"3,500
원",2
코카)스프라이트P783ml,"1,800
원",2
코카)스프라이트P784ml,"1,800
원",2
코카)스프라이트P785ml,"1,700
원",2
코카)스프라이트P786ml,"1,250
원",2
코카)스프라이트P787ml,"1,800
원",2
코카)스프라이트P788ml,"3,000
원",2
코카)스프라이트P789ml,"3,000
원",2
코카)스프라이트P790ml,"1,600
원",2
코카)스프라이트P791ml,"1,600
원",2
코카)스프라이트P792ml,"1,250
원",2
코카)스프라이트P793ml,"1,100
원",2
코카)스프라이트P794ml,"1,400
원",2
코카)스프라이트P795ml,"1,400
원",2
코카)스프라이트P796ml,"2,300
원",2
코카)스프라이트P797ml,"2,000
원",2
코카)스프라이트P798ml,"2,000
원",2
코카)스프라이트P799ml,"1,800
원",2
코카)스프라이트P800ml,"1,800
원",2
코카)스프라이트P801ml,"2,100
원",2
코카)스프라이트P802ml,"1,500
원",2
코카)스프라이트P803ml,"2,100
원",2
코카)스프라이트P804ml,"2,900
원",2
코카)스프라이트P805ml,"1,200
원",2
코카)스프라이트P806ml,"1,200
원",2
코카)스프라이트P807ml,"1,000
원",2
코카)스프라이트P808ml,"2,900
원",2
코카)스프라이트P809ml,"1,000
원",2
코카)스프라이트P810ml,"2,000
원",2
코카)스프라이트P811ml,"1,700
원",2
코카)스프라이트P812ml,"1,600
원",2
코카)스프라이트P813ml,"1,800
원",2
코카)스프라이트P814ml,"1,800
원",2
코카)스프라이트P815ml,"1,500
원",2
코카)스프라이트P816ml,"1,400
원",2
코카)스프라이트P817ml,"2,300
원",2
코카)스프라이트P818ml,"2,200
원",2
코카)스프라이트P819ml,"2,100
원",2
코카)스프라이트P820ml,"1,300
원",2
코카)스프라이트P821ml,"1,800
원",2
코카)스프라이트P822ml,"1,200
원",2
코카)스프라이트P823ml,"1,800
원",2
코카)스프라이트P824ml,"1,500
원",2
코카)스프라이트P825ml,"1,400
원",2
코카)스프라이트P826ml,"1,800
원",2
코카)스프라이트P827ml,"1,300
원",2
코카)스프라이트P828ml,"1,500
원",2
코카)스프라이트P829ml,"4,800
원",2
코카)스프라이트P830ml,"4,200
원",2
코카)스프라이트P831ml,"1,400
원",2
코카)스프라이트P832ml,"1,500
원",2
코카)스프라이트P833ml,"1,500
원",2
코카)스프라이트P834ml,"2,200
원",2
코카)스프라이트P835ml,"2,600
원",2
코카)스프라이트P836ml,"2,600
원",2
코카)스프라이트P837ml,"4,800
원",2
코카)스프라이트P838ml,"3,500
원",2
코카)스프라이트P839ml,"1,100
원",2
코카)스프라이트P840ml,"4,000
원",2
코카)스프라이트P841ml,"2,200
원",2
코카)스프라이트P842ml,"4,800
원",2
코카)스프라이트P843ml,"1,900
원",2
코카)스프라이트P844ml,"4,300
원",2
코카)스프라이트P845ml,"3,000
원",2
코카)스프라이트P846ml,"1,150
원",2
코카)스프라이트P847ml,"2,700
원",2
코카)스프라이트P848ml,"2,700
원",2
코카)스프라이트P849ml,"1,800
원",2
코카)스프라이트P850ml,"1,700
원",2
코카)스프라이트P851ml,"1,300
원",2
코카)스프라이트P852ml,"1,300
원",2
코카)스프라이트P853ml,"4,000
원",2
코카)스프라이트P854ml,"2,000
원",2
코카)스프라이트P855ml,"800
원",2
코카)스프라이트P856ml,"2,200
원",2
코카)스프라이트P857ml,"1,600
원",2
코카)스프라이트P858ml,"1,600
원",2
코카)스프라이트P859ml,"6,000
원",2
코카)스프라이트P860ml,"5,900
원",2
코카)스프라이트P861ml,"4,500
원",2
코카)스프라이트P862ml,"2,000
원",2
코카)스프라이트P863ml,"2,200
원",2
코카)스프라이트P864ml,"1,200
원",2
코카)스프라이트P865ml,"1,300
원",2
코카)스프라이트P866ml,"2,700
원",2
코카)스프라이트P867ml,"4,000
원",2
코카)스프라이트P868ml,"4,500
원",2
코카)스프라이트P869ml,"4,500
원",2
코카)스프라이트P870ml,"4,500
원",2
코카)스프라이트P871ml,"5,800
원",2
코카)스프라이트P872ml,"4,800
원",2
코카)스프라이트P873ml,"2,300
원",2
코카)스프라이트P874ml,"4,800
원",2
코카)스프라이트P875ml,"2,200
원",2
코카)스프라이트P876ml,"2,200
원",2
코카)스프라이트P877ml,"2,750
원",2
코카)스프라이트P878ml,"2,600
원",2
코카)스프라이트P879ml,"2,500
원",2
코카)스프라이트P880ml,"2,500
원",2
코카)스프라이트P881ml,"1,200
원",2
코카)스프라이트P882ml,"1,900
원",2
코카)스프라이트P883ml,"1,900
원",2
코카)스프라이트P884ml,"800
원",2
코카)스프라이트P885ml,"1,500
원",2
코카)스프라이트P886ml,"3,300
원",2
코카)스프라이트P887ml,"3,600
원",2
코카)스프라이트P888ml,"1,700
원",2
코카)스프라이트P889ml,"3,700
원",2
코카)스프라이트P890ml,"1,500
원",2
코카)스프라이트P891ml,"3,300
원",2
코카)스프라이트P892ml,"1,500
원",2
코카)스프라이트P893ml,"1,200
원",2
코카)스프라이트P894ml,"3,700
원",2
코카)스프라이트P895ml,"1,500
원",2
코카)스프라이트P896ml,"3,000
원",2
코카)스프라이트P897ml,"1,900
원",2
코카)스프라이트P898ml,"3,700
원",2
코카)스프라이트P899ml,"1,500
원",2
코카)스프라이트P900ml,"1,900
원",2
코카)스프라이트P901ml,"1,700
원",2
코카)스프라이트P902ml,"1,700
원",2
코카)스프라이트P903ml,"1,500
원",2
코카)스프라이트P904ml,"1,500
원",2
코카)스프라이트P905ml,"1,500
원",2
코카)스프라이트P906ml,"1,200
원",2
코카)스프라이트P907ml,"1,800
원",2
코카)스프라이트P908ml,"2,500
원",2
코카)스프라이트P909ml,"1,700
원",2
코카)스프라이트P910ml,"1,200
원",2
코카)스프라이트P911ml,"1,200
원",2
코카)스프라이트P912ml,"4,500
원",2
코카)스프라이트P913ml,"1,000
원",2
코카)스프라이트P914ml,"3,600
원",2
코카)스프라이트P915ml,"4,500
원",2
코카)스프라이트P916ml,"10,000
원",2
코카)스프라이트P917ml,"2,200
원",2
코카)스프라이트P918ml,"5,400
원",2
코카)스프라이트P919ml,"5,400
원",2
코카)스프라이트P920ml,"1,700
원",2
코카)스프라이트P921ml,"1,200
원",2
코카)스프라이트P922ml,"1,600
원",2
코카)스프라이트P923ml,"1,600
원",2
코카)스프라이트P924ml,"3,600
원",2
코카)스프라이트P925ml,"1,200
원",2
코카)스프라이트P926ml,"4,800
원",2
코카)스프라이트P927ml,"1,000
원",2
코카)스프라이트P928ml,"1,400
원",2
코카)스프라이트P929ml,"1,000
원",2
코카)스프라이트P930ml,"5,400
원",2
코카)스프라이트P931ml,"5,400
원",2
코카)스프라이트P932ml,"7,500
원",2
코카)스프라이트P933ml,"6,000
원",2
코카)스프라이트P934ml,"2,100
원",2
코카)스프라이트P935ml,"1,900
원",2
코카)스프라이트P936ml,"1,600
원",2
코카)스프라이트P937ml,"1,400
원",2
코카)스프라이트P938ml,"2,800
원",2
코카)스프라이트P939ml,"4,500
원",2
코카)스프라이트P940ml,"1,000
원",2
코카)스프라이트P941ml,"5,900
원",2
코카)스프라이트P942ml,"1,500
원",2
코카)스프라이트P943ml,"4,800
원",2
코카)스프라이트P944ml,"2,500
원",2
코카)스프라이트P945ml,"3,500
원",2
코카)스프라이트P946ml,"3,500
원",2
코카)스프라이트P947ml,"1,000
원",2
코카)스프라이트P948ml,"2,000
원",2
코카)스프라이트P949ml,"2,000
원",2
코카)스프라이트P950ml,"2,100
원",2
코카)스프라이트P951ml,"1,700
원",2
코카)스프라이트P952ml,"1,000
원",2
코카)스프라이트P953ml,"1,000
원",2
코카)스프라이트P954ml,"2,500
원",2
코카)스프라이트P955ml,"1,500
원",2
코카)스프라이트P956ml,"4,800
원",2
코카)스프라이트P957ml,"1,500
원",2
코카)스프라이트P958ml,"4,800
원",2
코카)스프라이트P959ml,"8,500
원",2
코카)스프라이트P960ml,"2,500
원",2
코카)스프라이트P961ml,"2,500
원",2
코카)스프라이트P962ml,"1,650
원",2
코카)스프라이트P963ml,"1,650
원",2
코카)스프라이트P964ml,"1,650
원",2
코카)스프라이트P965ml,"1,900
원",2
코카)스프라이트P966ml,"1,900
원",2
코카)스프라이트P967ml,"1,500
원",2
코카)스프라이트P968ml,"2,400
원",2
코카)스프라이트P969ml,"2,400
원",2
코카)스프라이트P970ml,"1,100
원",2
코카)스프라이트P971ml,"2,100
원",2
코카)스프라이트P972ml,"2,500
원",2
코카)스프라이트P973ml,"1,500
원",2
코카)스프라이트P974ml,"1,500
원",2
코카)스프라이트P975ml,"5,000
원",2
코카)스프라이트P976ml,"1,500
원",2
코카)스프라이트P977ml,"1,500
원",2
코카)스프라이트P978ml,"1,600
원",2
코카)스프라이트P979ml,"2,100
원",2
코카)스프라이트P980ml,"8,900
원",2
코카)스프라이트P981ml,"1,200
원",2
코카)스프라이트P982ml,"5,000
원",2
코카)스프라이트P983ml,"7,900
원",2
코카)스프라이트P984ml,"1,700
원",2
코카)스프라이트P985ml,"7,500
원",2
코카)스프라이트P986ml,"950
원",2
코카)스프라이트P987ml,"2,000
원",2
코카)스프라이트P988ml,"2,300
원",2
코카)스프라이트P989ml,"7,500
원",2
코카)스프라이트P990ml,"2,200
원",2
코카)스프라이트P991ml,"6,000
원",2
코카)스프라이트P992ml,"4,800
원",2
코카)스프라이트P993ml,"4,500
원",2
코카)스프라이트P994ml,"4,500
원",2
코카)스프라이트P995ml,"3,800
원",2
코카)스프라이트P996ml,"7,900
원",2
코카)스프라이트P997ml,"2,000
원",2
코카)스프라이트P998ml,"4,500
원",2
코카)스프라이트P999ml,"4,500
원",2
코카)스프라이트P1000ml,"2,600
원",2
코카)스프라이트P1001ml,"2,600
원",2
코카)스프라이트P1002ml,"1,600
원",2
코카)스프라이트P1003ml,"3,500
원",2
코카)스프라이트P1004ml,"3,500
원",2
코카)스프라이트P1005ml,"1,800
원",2
코카)스프라이트P1006ml,"1,900
원",2
코카)스프라이트P1007ml,"3,800
원",2
코카)스프라이트P1008ml,"3,800
원",2
코카)스프라이트P1009ml,"2,300
원",2
코카)스프라이트P1010ml,"2,300
원",2
코카)스프라이트P1011ml,"4,500
원",2
코카)스프라이트P1012ml,"2,000
원",2
코카)스프라이트P1013ml,"1,800
원",2
코카)스프라이트P1014ml,"1,500
원",2
코카)스프라이트P1015ml,"1,550
원",2
코카)스프라이트P1016ml,"4,200
원",2
코카)스프라이트P1017ml,"2,000
원",2
코카)스프라이트P1018ml,"4,500
원",2
코카)스프라이트P1019ml,"4,500
원",2
코카)스프라이트P1020ml,"4,500
원",2
코카)스프라이트P1021ml,"5,500
원",2
코카)스프라이트P1022ml,"5,500
원",2
코카)스프라이트P1023ml,"1,100
원",2
코카)스프라이트P1024ml,"2,500
원",2
코카)스프라이트P1025ml,"2,500
원",2
코카)스프라이트P1026ml,"1,400
원",2
코카)스프라이트P1027ml,"3,500
원",2
코카)스프라이트P1028ml,"3,900
원",2
코카)스프라이트P1029ml,"2,200
원",2
코카)스프라이트P1030ml,"1,700
원",2
코카)스프라이트P1031ml,"4,000
원",2
코카)스프라이트P1032ml,"4,000
원",2
코카)스프라이트P1033ml,"1,000
원",2
코카)스프라이트P1034ml,"1,500
원",2
코카)스프라이트P1035ml,"3,500
원",2
코카)스프라이트P1036ml,"1,300
원",2
코카)스프라이트P1037ml,"4,800
원",2
코카)스프라이트P1038ml,"4,800
원",2
코카)스프라이트P1039ml,"2,300
원",2
코카)스프라이트P1040ml,"1,500
원",2
코카)스프라이트P1041ml,"2,000
원",2
코카)스프라이트P1042ml,"3,900
원",2
코카)스프라이트P1043ml,"1,800
원",2
코카)스프라이트P1044ml,"1,200
원",2
코카)스프라이트P1045ml,"2,300
원",2
코카)스프라이트P1046ml,"3,300
원",2
코카)스프라이트P1047ml,"2,000
원",2
코카)스프라이트P1048ml,"1,700
원",2
코카)스프라이트P1049ml,"2,700
원",2
코카)스프라이트P1050ml,"1,200
원",2
코카)스프라이트P1051ml,"1,650
원",2
코카)스프라이트P1052ml,"1,000
원",2
코카)스프라이트P1053ml,"1,900
원",2
코카)스프라이트P1054ml,"1,400
원",2
코카)스프라이트P1055ml,"1,400
원",2
코카)스프라이트P1056ml,"4,000
원",2
코카)스프라이트P1057ml,"4,000
원",2
코카)스프라이트P1058ml,"3,500
원",2
코카)스프라이트P1059ml,"2,700
원",2
코카)스프라이트P1060ml,"2,700
원",2
코카)스프라이트P1061ml,"4,200
원",2
코카)스프라이트P1062ml,"2,600
원",2
코카)스프라이트P1063ml,"6,400
원",2
코카)스프라이트P1064ml,"2,200
원",2
코카)스프라이트P1065ml,"2,200
원",2
코카)스프라이트P1066ml,"5,400
원",2
코카)스프라이트P1067ml,"5,400
원",2
코카)스프라이트P1068ml,"1,500
원",2
코카)스프라이트P1069ml,"5,900
원",2
코카)스프라이트P1070ml,"2,400
원",2
코카)스프라이트P1071ml,"2,100
원",2
코카)스프라이트P1072ml,"2,100
원",2
코카)스프라이트P1073ml,"2,000
원",2
코카)스프라이트P1074ml,"2,000
원",2
코카)스프라이트P1075ml,"1,500
원",2
코카)스프라이트P1076ml,"7,500
원",2
코카)스프라이트P1077ml,"4,800
원",2
코카)스프라이트P1078ml,"4,500
원",2
코카)스프라이트P1079ml,"4,500
원",2
코카)스프라이트P1080ml,"1,500
원",2
코카)스프라이트P1081ml,"4,500
원",2
코카)스프라이트P1082ml,"4,500
원",2
코카)스프라이트P1083ml,"4,500
원",2
코카)스프라이트P1084ml,"4,500
원",2
코카)스프라이트P1085ml,"5,000
원",2
코카)스프라이트P1086ml,"2,000
원",2
코카)스프라이트P1087ml,"2,000
원",2
코카)스프라이트P1088ml,"2,000
원",2
코카)스프라이트P1089ml,"2,000
원",2
코카)스프라이트P1090ml,"2,900
원",2
코카)스프라이트P1091ml,"3,000
원",2
코카)스프라이트P1092ml,"1,800
원",2
코카)스프라이트P1093ml,"1,900
원",2
코카)스프라이트P1094ml,"1,000
원",2
코카)스프라이트P1095ml,"1,200
원",2
코카)스프라이트P1096ml,"2,500
원",2
코카)스프라이트P1097ml,"3,200
원",2
코카)스프라이트P1098ml,"4,900
원",2
코카)스프라이트P1099ml,"4,500
원",2
코카)스프라이트P1100ml,"4,800
원",2
코카)스프라이트P1101ml,"4,500
원",2
코카)스프라이트P1102ml,"4,500
원",2
코카)스프라이트P1103ml,"2,500
원",2
코카)스프라이트P1104ml,"2,000
원",2
코카)스프라이트P1105ml,"1,700
원",2
코카)스프라이트P1106ml,"2,000
원",2
코카)스프라이트P1107ml,"2,900
원",2
코카)스프라이트P1108ml,"2,000
원",2
코카)스프라이트P1109ml,"1,600
원",2
코카)스프라이트P1110ml,"2,800
원",2
코카)스프라이트P1111ml,"2,800
원",2
코카)스프라이트P1112ml,"1,600
원",2
코카)스프라이트P1113ml,"1,600
원",2
코카)스프라이트P1114ml,"1,500
원",2
코카)스프라이트P1115ml,"1,500
원",2
코카)스프라이트P1116ml,"1,500
원",2
코카)스프라이트P1117ml,"1,500
원",2
코카)스프라이트P1118ml,"1,200
원",2
코카)스프라이트P1119ml,"4,200
원",2
코카)스프라이트P1120ml,"1,000
원",2
코카)스프라이트P1121ml,"4,500
원",2
코카)스프라이트P1122ml,"4,500
원",2
코카)스프라이트P1123ml,"1,800
원",2
코카)스프라이트P1124ml,"1,600
원",2
코카)스프라이트P1125ml,"2,000
원",2
코카)스프라이트P1126ml,"3,000
원",2
코카)스프라이트P1127ml,"1,500
원",2
코카)스프라이트P1128ml,"1,500
원",2
코카)스프라이트P1129ml,"1,500
원",2
코카)스프라이트P1130ml,"1,800
원",2
코카)스프라이트P1131ml,"1,600
원",2
코카)스프라이트P1132ml,"4,200
원",2
코카)스프라이트P1133ml,"4,200
원",2
코카)스프라이트P1134ml,"2,000
원",2
코카)스프라이트P1135ml,"2,000
원",2
코카)스프라이트P1136ml,"2,000
원",2
코카)스프라이트P1137ml,"2,000
원",2
코카)스프라이트P1138ml,"2,000
원",2
코카)스프라이트P1139ml,"2,000
원",2
코카)스프라이트P1140ml,"1,500
원",2
코카)스프라이트P1141ml,"5,400
원",2
코카)스프라이트P1142ml,"1,600
원",2
코카)스프라이트P1143ml,"2,800
원",2
코카)스프라이트P1144ml,"7,500
원",2
코카)스프라이트P1145ml,"7,500
원",2
코카)스프라이트P1146ml,"4,800
원",2
코카)스프라이트P1147ml,"3,800
원",2
코카)스프라이트P1148ml,"6,400
원",2
코카)스프라이트P1149ml,"2,200
원",2
코카)스프라이트P1150ml,"3,300
원",2
코카)스프라이트P1151ml,"4,800
원",2
코카)스프라이트P1152ml,"4,800
원",2
코카)스프라이트P1153ml,"22,500
원",2
코카)스프라이트P1154ml,"1,600
원",2
코카)스프라이트P1155ml,"3,500
원",2
코카)스프라이트P1156ml,"2,300
원",2
코카)스프라이트P1157ml,"1,700
원",2
코카)스프라이트P1158ml,"1,500
원",2
코카)스프라이트P1159ml,"1,500
원",2
코카)스프라이트P1160ml,"2,500
원",2
코카)스프라이트P1161ml,"2,500
원",2
코카)스프라이트P1162ml,"1,500
원",2
코카)스프라이트P1163ml,"1,200
원",2
코카)스프라이트P1164ml,"4,500
원",2
코카)스프라이트P1165ml,"4,500
원",2
코카)스프라이트P1166ml,"1,200
원",2
코카)스프라이트P1167ml,"5,900
원",2
코카)스프라이트P1168ml,"5,900
원",2
코카)스프라이트P1169ml,"1,000
원",2
코카)스프라이트P1170ml,"2,200
원",2
코카)스프라이트P1171ml,"900
원",2
코카)스프라이트P1172ml,"2,000
원",2
코카)스프라이트P1173ml,"1,000
원",2
코카)스프라이트P1174ml,"5,400
원",2
코카)스프라이트P1175ml,"5,400
원",2
코카)스프라이트P1176ml,"3,900
원",2
코카)스프라이트P1177ml,"6,400
원",2
코카)스프라이트P1178ml,"6,400
원",2
코카)스프라이트P1179ml,"2,200
원",2
코카)스프라이트P1180ml,"2,200
원",2
코카)스프라이트P1181ml,"2,100
원",2
코카)스프라이트P1182ml,"4,000
원",2
코카)스프라이트P1183ml,"6,000
원",2
코카)스프라이트P1184ml,"1,800
원",2
코카)스프라이트P1185ml,"3,000
원",2
코카)스프라이트P1186ml,"3,200
원",2
코카)스프라이트P1187ml,"5,900
원",2
코카)스프라이트P1188ml,"3,900
원",2
코카)스프라이트P1189ml,"3,900
원",2
코카)스프라이트P1190ml,"4,300
원",2
코카)스프라이트P1191ml,"5,000
원",2
코카)스프라이트P1192ml,"5,000
원",2
코카)스프라이트P1193ml,"2,500
원",2
코카)스프라이트P1194ml,"2,000
원",2
코카)스프라이트P1195ml,"8,900
원",2
코카)스프라이트P1196ml,"950
원",2
코카)스프라이트P1197ml,"4,500
원",2
코카)스프라이트P1198ml,"2,700
원",2
코카)스프라이트P1199ml,"2,700
원",2
코카)스프라이트P1200ml,"2,500
원",2
코카)스프라이트P1201ml,"1,800
원",2
코카)스프라이트P1202ml,"1,800
원",2
코카)스프라이트P1203ml,"2,500
원",2
코카)스프라이트P1204ml,"2,500
원",2
코카)스프라이트P1205ml,"1,900
원",2
코카)스프라이트P1206ml,"1,700
원",2
코카)스프라이트P1207ml,"3,900
원",2
코카)스프라이트P1208ml,"5,900
원",2
코카)스프라이트P1209ml,"5,900
원",2
코카)스프라이트P1210ml,"2,200
원",2
코카)스프라이트P1211ml,"2,200
원",2
코카)스프라이트P1212ml,"1,600
원",2
코카)스프라이트P1213ml,"2,500
원",2
코카)스프라이트P1214ml,"2,500
원",2
코카)스프라이트P1215ml,"1,900
원",2
코카)스프라이트P1216ml,"1,000
원",2
코카)스프라이트P1217ml,"2,300
원",2
코카)스프라이트P1218ml,"5,400
원",2
코카)스프라이트P1219ml,"4,500
원",2
코카)스프라이트P1220ml,"2,700
원",2
코카)스프라이트P1221ml,"2,200
원",2
코카)스프라이트P1222ml,"1,900
원",2
코카)스프라이트P1223ml,"3,100
원",2
코카)스프라이트P1224ml,"2,100
원",2
코카)스프라이트P1225ml,"2,400
원",2
코카)스프라이트P1226ml,"2,400
원",2
코카)스프라이트P1227ml,"2,200
원",2
코카)스프라이트P1228ml,"2,000
원",2
코카)스프라이트P1229ml,"2,000
원",2
코카)스프라이트P1230ml,"1,650
원",2
코카)스프라이트P1231ml,"1,650
원",2
코카)스프라이트P1232ml,"1,000
원",2
코카)스프라이트P1233ml,"2,600
원",2
코카)스프라이트P1234ml,"1,600
원",2
코카)스프라이트P1235ml,"2,000
원",2
코카)스프라이트P1236ml,"1,500
원",2
코카)스프라이트P1237ml,"2,200
원",2
코카)스프라이트P1238ml,"3,300
원",2
코카)스프라이트P1239ml,"3,300
원",2
코카)스프라이트P1240ml,"3,300
원",2
코카)스프라이트P1241ml,"1,000
원",2
코카)스프라이트P1242ml,"3,500
원",2
코카)스프라이트P1243ml,"2,500
원",2
코카)스프라이트P1244ml,"2,000
원",2
코카)스프라이트P1245ml,"1,500
원",2
코카)스프라이트P1246ml,"1,000
원",2
코카)스프라이트P1247ml,"1,500
원",2
코카)스프라이트P1248ml,"1,500
원",2
코카)스프라이트P1249ml,"2,000
원",2
코카)스프라이트P1250ml,"2,000
원",2
코카)스프라이트P1251ml,"1,200
원",2
코카)스프라이트P1252ml,"700
원",2
코카)스프라이트P1253ml,"3,400
원",2
코카)스프라이트P1254ml,"2,600
원",2
코카)스프라이트P1255ml,"2,500
원",2
코카)스프라이트P1256ml,"3,200
원",2
코카)스프라이트P1257ml,"4,400
원",2
코카)스프라이트P1258ml,"2,500
원",2
코카)스프라이트P1259ml,"2,500
원",2
